Text,Date,Likes,Retweets,Sentimen,Kategori
"RT @tempodotco: Seandainya pemerintah serius menanggapi peringatan Badan Meteorologi, Klimatologi, dan Geofisika (BMKG), dampak banjir di tâ€¦",2025-12-09 10:58:23+00:00,0,3832,Netral,Banjir
RT @WagimanDeep212_: Kalo ada peringkat Goblok di Komisi 1 DPRRI bisa jadi Endipat Wijaya inih haqul yaqueen menempati peringkat Namber wanâ€¦,2025-12-09 10:58:22+00:00,0,47,Netral,Banjir
"RT @bibabercerita: Sampe kondisi lagi banjir pun tetep disuruh fotokopi KK-KTP ğŸ«¡
U tahu gak sih ini udah kayak jokes komedian gitu tapi terâ€¦",2025-12-09 10:58:21+00:00,0,7406,Netral,Banjir
"RT @afrkml: Jenazah &amp; bangkai menumpuk
Air bersih gk ada, semuanya kotor &amp; busuk
Makan 1 sendok sehari
Listrik padam
Internet putus
Ada ygâ€¦",2025-12-09 10:58:20+00:00,0,8151,Netral,Banjir
"RT @MohamadFadila14: @unmagnetism 10 M juga hasil jerih payah rakyat tolol, emang duit pemerintah itu triliunan duit siapa ? Duit rakyat juâ€¦",2025-12-09 10:58:19+00:00,0,10,Netral,Banjir
"Gakuat banget baca berita, nangisin orang yang terkena banjir bikin gue sesak. Terus ditambah lagi pemerintah yang bacotnya gak pake otak ğŸ˜µâ€ğŸ’«",2025-12-09 10:58:19+00:00,0,0,Netral,Banjir
"RT @lilaccountz: tsunami 2004 vs banjir bandang 2025 

one is a purely natural disaster, the other is a disaster caused by environmental daâ€¦",2025-12-09 10:58:19+00:00,0,4922,Negatif,Banjir
"RT @lilaccountz: tsunami 2004 vs banjir bandang 2025 

one is a purely natural disaster, the other is a disaster caused by environmental daâ€¦",2025-12-09 10:58:19+00:00,0,4922,Negatif,Banjir
"RT @NenkMonica: Anies Rasyid Baswedan berkunjung ke Aceh Tamiang, Senin, 8 Desember 2025 untuk memberi bantuan korban banjir. https://t.co/â€¦",2025-12-09 10:58:17+00:00,0,316,Netral,Banjir
"RT @bibabercerita: Sampe kondisi lagi banjir pun tetep disuruh fotokopi KK-KTP ğŸ«¡
U tahu gak sih ini udah kayak jokes komedian gitu tapi terâ€¦",2025-12-09 10:58:17+00:00,0,7406,Netral,Banjir
"RT @ch_chotimah2: Bupati menyebut pihak Kemenhut membuka izin penebangan kayu pada Oktober 2025, sekitar sebulan sblm banjir bandang melandâ€¦",2025-12-09 10:58:16+00:00,0,54,Netral,Banjir
"Jangan Ada Kesan Presiden Biarkan Rakyat Menderita Akibat Lahan HTI Milikinya.

â€œKita harapkan sikap demokratis Prabowo untuk menyelesaikan masalah banjir itu secara menyeluruh.â€

https://t.co/CiaprRSK8o https://t.co/3uqQK0id0I",2025-12-09 10:58:16+00:00,0,0,Netral,Banjir
"RT @bibabercerita: Sampe kondisi lagi banjir pun tetep disuruh fotokopi KK-KTP ğŸ«¡
U tahu gak sih ini udah kayak jokes komedian gitu tapi terâ€¦",2025-12-09 10:58:14+00:00,0,7406,Netral,Banjir
"RT @bibabercerita: Sampe kondisi lagi banjir pun tetep disuruh fotokopi KK-KTP ğŸ«¡
U tahu gak sih ini udah kayak jokes komedian gitu tapi terâ€¦",2025-12-09 10:58:11+00:00,0,7406,Netral,Banjir
"RT @bibabercerita: Sampe kondisi lagi banjir pun tetep disuruh fotokopi KK-KTP ğŸ«¡
U tahu gak sih ini udah kayak jokes komedian gitu tapi terâ€¦",2025-12-09 10:58:10+00:00,0,7406,Netral,Banjir
"RT @bibabercerita: Sampe kondisi lagi banjir pun tetep disuruh fotokopi KK-KTP ğŸ«¡
U tahu gak sih ini udah kayak jokes komedian gitu tapi terâ€¦",2025-12-09 10:58:07+00:00,0,7406,Netral,Banjir
"RT @bibabercerita: Sampe kondisi lagi banjir pun tetep disuruh fotokopi KK-KTP ğŸ«¡
U tahu gak sih ini udah kayak jokes komedian gitu tapi terâ€¦",2025-12-09 10:58:07+00:00,0,7406,Netral,Banjir
"RT @tempodotco: Seandainya pemerintah serius menanggapi peringatan Badan Meteorologi, Klimatologi, dan Geofisika (BMKG), dampak banjir di tâ€¦",2025-12-09 10:58:05+00:00,0,3832,Netral,Banjir
"RT @SoeTjenMarching: Yang paling bertanggung-jawab atas banjir badang yang memakan sekitar seribu jiwa ini adalah: Pemerintah! 

Sebab pemeâ€¦",2025-12-09 10:58:05+00:00,0,1492,Netral,Banjir
"RT @bibabercerita: Sampe kondisi lagi banjir pun tetep disuruh fotokopi KK-KTP ğŸ«¡
U tahu gak sih ini udah kayak jokes komedian gitu tapi terâ€¦",2025-12-09 10:58:04+00:00,0,7406,Netral,Banjir
"Komisi IV DPR ,banjir Sumatera ,desak penghentian penebangan hutan https://t.co/8dJ2ms8H5s",2025-12-09 10:58:01+00:00,0,0,Netral,Banjir
"RT @Srik4ndiMuslim2: Nama yang harus bertanggung jawab: Raja Juli (PSI), Hanif Faisol (menteri LH), dan Bahlil (menteri ESDM).
#BersihkanKaâ€¦",2025-12-09 10:58:01+00:00,0,31,Netral,Banjir
"RT @AidaGreenbury: A Sumatran elephant tasked to clear logging debris after deforestation and mudslide.Â 

https://t.co/yQHmIzEZPl https://tâ€¦",2025-12-09 10:58:00+00:00,0,187,Positif,Banjir
"RT @afrkml: Jenazah &amp; bangkai menumpuk
Air bersih gk ada, semuanya kotor &amp; busuk
Makan 1 sendok sehari
Listrik padam
Internet putus
Ada ygâ€¦",2025-12-09 10:57:58+00:00,0,8151,Netral,Banjir
"RT @lilaccountz: tsunami 2004 vs banjir bandang 2025 

one is a purely natural disaster, the other is a disaster caused by environmental daâ€¦",2025-12-09 10:57:58+00:00,0,4922,Negatif,Banjir
RT @humaniesproject: Psikososial bersama anak-anak yang terkena dampak dari bencana banjir di daerah Bireun. https://t.co/YVl9I9BmSr,2025-12-09 10:57:56+00:00,0,308,Netral,Banjir
"RT @bibabercerita: Sampe kondisi lagi banjir pun tetep disuruh fotokopi KK-KTP ğŸ«¡
U tahu gak sih ini udah kayak jokes komedian gitu tapi terâ€¦",2025-12-09 10:57:53+00:00,0,7406,Netral,Banjir
RT @kompascom: Balai Konservasi Sumber Daya Alam (BKSDA) Aceh mengerahkan empat ekor gajah untuk membantu membersihkan puing-puing kayu yanâ€¦,2025-12-09 10:57:52+00:00,0,194,Netral,Banjir
RT @humaniesproject: Psikososial bersama anak-anak yang terkena dampak dari bencana banjir di daerah Bireun. https://t.co/YVl9I9BmSr,2025-12-09 10:57:50+00:00,0,308,Netral,Banjir
RT @tempodotco: Presiden Prabowo tak kunjung menetapkan banjir dan tanah longsor di Sumatera sebagai bencana nasional. Pemerintah mengabaikâ€¦,2025-12-09 10:57:49+00:00,0,1523,Netral,Banjir
"RT @tempodotco: Seandainya pemerintah serius menanggapi peringatan Badan Meteorologi, Klimatologi, dan Geofisika (BMKG), dampak banjir di tâ€¦",2025-12-09 10:57:49+00:00,0,3832,Netral,Banjir
"RT @zoelfick: Mobil-mobil di sana saat itu bukan lagi tenggelam banjir, tapi benar-benar terkubur lumpur. https://t.co/dttrbsX6W8",2025-12-09 10:57:49+00:00,0,322,Netral,Banjir
"@salam4jari dirjen angin topan
dirjen banjir rob
dirjen hujan",2025-12-09 10:57:48+00:00,0,0,Netral,Banjir
"RT @neVerAl0nely___: Di tengah semua orang tampil rapih dengan sepatu kinclong, Mualem dateng dengan sepatu yang masih ada sisa lumpur. Bukâ€¦",2025-12-09 10:57:48+00:00,0,31,Netral,Banjir
"RT @Mah5Utari: Kondisi SEBELUM &amp; SESUDAH,
Banjir Bandang di Aceh Tamiang,
26/11/2025 https://t.co/dA22De76BM",2025-12-09 10:57:47+00:00,0,53,Netral,Banjir
"RT @puresapphic: Setelah banjir akan ada lebih banyak orang yang hilang pekerjaan, bisnis, rumah, keluarga yang jadi pencari nafkah atau peâ€¦",2025-12-09 10:57:46+00:00,0,8836,Netral,Banjir
"RT @tianziyu999: ğŸŒŠ OPEN DONASI GEL. 2 DIPERPANJANG
Untuk Korban Banjir Sumatera

Bencana banjir masih memberikan dampak besar bagi saudara-â€¦",2025-12-09 10:57:46+00:00,0,12,Netral,Banjir
"RT @bibabercerita: Sampe kondisi lagi banjir pun tetep disuruh fotokopi KK-KTP ğŸ«¡
U tahu gak sih ini udah kayak jokes komedian gitu tapi terâ€¦",2025-12-09 10:57:46+00:00,0,7406,Netral,Banjir
@valiisaa Sedih banget  kalau ingat nasib gajah &amp; binatang binatang lainnya yg terdampak banjir &amp; penggundulan hutan,2025-12-09 10:57:43+00:00,0,0,Netral,Banjir
RT @detikcom: #Foto Empat ekor gajah jinak milik BKSDA Aceh dikerahkan untuk membantu membersihkan puing kayu sisa banjir bandang di Desa Mâ€¦,2025-12-09 10:57:41+00:00,0,1248,Netral,Banjir
"RT @tempodotco: Seandainya pemerintah serius menanggapi peringatan Badan Meteorologi, Klimatologi, dan Geofisika (BMKG), dampak banjir di tâ€¦",2025-12-09 10:57:40+00:00,0,3832,Netral,Banjir
"RT @puresapphic: Setelah banjir akan ada lebih banyak orang yang hilang pekerjaan, bisnis, rumah, keluarga yang jadi pencari nafkah atau peâ€¦",2025-12-09 10:57:40+00:00,0,8836,Netral,Banjir
"RT @Metro_TV: Sebuah tiang beton di Aceh Tamiang dikenal sebagai saksi masih adanya harapan, bahkan disaat banjir bandang melanda wilayah tâ€¦",2025-12-09 10:57:39+00:00,0,86,Netral,Banjir
"RT @as_siglie: Banjir Sibolga, Aceh dan Daerah Sumatra lain nya ğŸ˜­
https://t.co/0TdOU3zjz8",2025-12-09 10:57:39+00:00,0,0,Netral,Banjir
RT @Aceh: Warga Aceh merasa kecewa setelah menonton di YouTube laporan para pembantu Presiden @Prabowo dalam rapat terbatas penanganan banjâ€¦,2025-12-09 10:57:38+00:00,0,390,Netral,Banjir
RT @susipudjiastuti: Di tempat lain crazy rich tebang 400 rb hektar bahkan 5X nya untuk membuat bencana banjir bersama gelondongan kayu danâ€¦,2025-12-09 10:57:38+00:00,0,1735,Negatif,Banjir
"RT @tempodotco: Seandainya pemerintah serius menanggapi peringatan Badan Meteorologi, Klimatologi, dan Geofisika (BMKG), dampak banjir di tâ€¦",2025-12-09 10:57:35+00:00,0,3832,Netral,Banjir
"Jalan terjal tetap dilewat Team #NUPeduliBencanaSumatera untuk menyalurkan bantuan meringankan beban kepada saudara kita yang terdampak banjir di Provinsi Aceh.
#berkhidmahtanpabatas 
@nucare_lazisnu https://t.co/N5w7d5UPi9",2025-12-09 10:57:35+00:00,0,0,Netral,Banjir
Banjir dimana mana,2025-12-09 10:57:35+00:00,0,0,Netral,Banjir
"RT @OmJ_J3Nggott: Pantauan udara 

Perjalanan kayu yang sangat panjang 
ğŸ”»Terlihat sangat banyak kayu yang dikirim banjir sampai ke pantai wâ€¦",2025-12-09 10:57:32+00:00,0,12,Netral,Banjir
"RT @bibabercerita: Sampe kondisi lagi banjir pun tetep disuruh fotokopi KK-KTP ğŸ«¡
U tahu gak sih ini udah kayak jokes komedian gitu tapi terâ€¦",2025-12-09 10:57:32+00:00,0,7406,Netral,Banjir
"RT @tempodotco: Seandainya pemerintah serius menanggapi peringatan Badan Meteorologi, Klimatologi, dan Geofisika (BMKG), dampak banjir di tâ€¦",2025-12-09 10:57:31+00:00,0,3832,Netral,Banjir
"RT @NenkMonica: Banjir yang menggenangi Dusun Kampek dan Dusun Pengasinan, Desa Karangligar, Kecamatan Telukjambe Barat, Kabupaten Karawangâ€¦",2025-12-09 10:57:28+00:00,0,6,Netral,Banjir
"RT @jilulisme: Parpol paling hina di republik ini namanya @psi_id ,norak banget kader jd Menteri langsung boyong segerbong ngurusin urusanâ€¦",2025-12-09 10:57:28+00:00,0,41,Netral,Banjir
"RT @bibabercerita: Sampe kondisi lagi banjir pun tetep disuruh fotokopi KK-KTP ğŸ«¡
U tahu gak sih ini udah kayak jokes komedian gitu tapi terâ€¦",2025-12-09 10:57:26+00:00,0,7406,Netral,Banjir
RT @humaniesproject: Psikososial bersama anak-anak yang terkena dampak dari bencana banjir di daerah Bireun. https://t.co/YVl9I9BmSr,2025-12-09 10:57:26+00:00,0,308,Netral,Banjir
"RT @NenkMonica: Banjir yang menggenangi Dusun Kampek dan Dusun Pengasinan, Desa Karangligar, Kecamatan Telukjambe Barat, Kabupaten Karawangâ€¦",2025-12-09 10:57:24+00:00,0,6,Netral,Banjir
"RT @lilaccountz: tsunami 2004 vs banjir bandang 2025 

one is a purely natural disaster, the other is a disaster caused by environmental daâ€¦",2025-12-09 10:57:23+00:00,0,4922,Negatif,Banjir
RT @FahmiAgustian: PSI dulu paling ribut kalau Jakarta banjir saat Anies jadi Gubernur. Sekarang kadernya jadi Menhut lalu ada banjir di Suâ€¦,2025-12-09 10:57:22+00:00,0,786,Netral,Banjir
"Netizen Beberkan Kerusakan Hutan Sebelum Banjir Bandang Porak-Porandakan Sumatera, Penampakannya Bikin Merinding
https://t.co/RjgSjaeXGg",2025-12-09 10:57:19+00:00,0,0,Netral,Banjir
"RT @bibabercerita: Sampe kondisi lagi banjir pun tetep disuruh fotokopi KK-KTP ğŸ«¡
U tahu gak sih ini udah kayak jokes komedian gitu tapi terâ€¦",2025-12-09 10:57:17+00:00,0,7406,Netral,Banjir
"RT @bibabercerita: Sampe kondisi lagi banjir pun tetep disuruh fotokopi KK-KTP ğŸ«¡
U tahu gak sih ini udah kayak jokes komedian gitu tapi terâ€¦",2025-12-09 10:57:16+00:00,0,7406,Netral,Banjir
"RT @rgoestama: Eh gmn? Mobil2 warga kejebak banjir bandang di tengah jalan, sampe akhirnya meninggal dan skrg jenazah berikut mobil2 nya maâ€¦",2025-12-09 10:57:14+00:00,0,4351,Netral,Banjir
"RT @afrkml: Jenazah &amp; bangkai menumpuk
Air bersih gk ada, semuanya kotor &amp; busuk
Makan 1 sendok sehari
Listrik padam
Internet putus
Ada ygâ€¦",2025-12-09 10:57:13+00:00,0,8151,Netral,Banjir
"RT @afrkml: Jenazah &amp; bangkai menumpuk
Air bersih gk ada, semuanya kotor &amp; busuk
Makan 1 sendok sehari
Listrik padam
Internet putus
Ada ygâ€¦",2025-12-09 10:57:13+00:00,0,8151,Netral,Banjir
"RT @bibabercerita: Sampe kondisi lagi banjir pun tetep disuruh fotokopi KK-KTP ğŸ«¡
U tahu gak sih ini udah kayak jokes komedian gitu tapi terâ€¦",2025-12-09 10:57:12+00:00,0,7406,Netral,Banjir
"RT @Eki866962220749: Klu pentil lo yg tegang udh gw mainin memek lo auto banjir
Klu memek lo dah gw mainin auto mancerÂ²
Gw dah paham bangtâ€¦",2025-12-09 10:57:10+00:00,0,0,Netral,Banjir
"RT @rgoestama: Eh gmn? Mobil2 warga kejebak banjir bandang di tengah jalan, sampe akhirnya meninggal dan skrg jenazah berikut mobil2 nya maâ€¦",2025-12-09 10:57:10+00:00,0,4351,Netral,Banjir
"RT @bibabercerita: Sampe kondisi lagi banjir pun tetep disuruh fotokopi KK-KTP ğŸ«¡
U tahu gak sih ini udah kayak jokes komedian gitu tapi terâ€¦",2025-12-09 10:57:10+00:00,0,7406,Netral,Banjir
RT @WagimanDeep212_: Kalo ada peringkat Goblok di Komisi 1 DPRRI bisa jadi Endipat Wijaya inih haqul yaqueen menempati peringkat Namber wanâ€¦,2025-12-09 10:57:09+00:00,0,47,Netral,Banjir
"RT @gimbot75: Disaat Saudara"" kita di pulau sumatera Berjuang melawan banjir &amp; longsor efek penggundulan hutan yg ugal""an, disudut sana sauâ€¦",2025-12-09 10:57:09+00:00,0,2360,Netral,Banjir
"RT @sappheirosteam: Pendistrubusian bantuan oleh @jars_medan dan @rumahzakat ke Kelurahan Terjun Marelan, Medan. Kata warga setempat sejakâ€¦",2025-12-09 10:57:08+00:00,0,166,Netral,Banjir
RT @Aceh: Warga Aceh merasa kecewa setelah menonton di YouTube laporan para pembantu Presiden @Prabowo dalam rapat terbatas penanganan banjâ€¦,2025-12-09 10:57:08+00:00,0,390,Netral,Banjir
"RT @kumparan: Kemendagri resmi menjatuhkan sanksi pemberhentian sementara selama tiga bulan kepada Bupati Aceh Selatan, Mirwan MS, karena pâ€¦",2025-12-09 10:57:08+00:00,0,1,Netral,Banjir
"RT @AidaGreenbury: A Sumatran elephant tasked to clear logging debris after deforestation and mudslide.Â 

https://t.co/yQHmIzEZPl https://tâ€¦",2025-12-09 10:57:07+00:00,0,187,Positif,Banjir
"RT @gimbot75: Disaat Saudara"" kita di pulau sumatera Berjuang melawan banjir &amp; longsor efek penggundulan hutan yg ugal""an, disudut sana sauâ€¦",2025-12-09 10:57:05+00:00,0,2360,Netral,Banjir
"RT @tempodotco: Seandainya pemerintah serius menanggapi peringatan Badan Meteorologi, Klimatologi, dan Geofisika (BMKG), dampak banjir di tâ€¦",2025-12-09 10:57:05+00:00,0,3832,Netral,Banjir
"@ngalamfess Hampir tiap hari hujan dek malanh, hati hati yo nder lek dek malang kota ada yang banjir",2025-12-09 10:57:04+00:00,0,0,Netral,Banjir
"RT @rgoestama: Eh gmn? Mobil2 warga kejebak banjir bandang di tengah jalan, sampe akhirnya meninggal dan skrg jenazah berikut mobil2 nya maâ€¦",2025-12-09 10:57:03+00:00,0,4351,Netral,Banjir
"RT @Srik4ndiMuslim2: Nama yang harus bertanggung jawab: Raja Juli (PSI), Hanif Faisol (menteri LH), dan Bahlil (menteri ESDM).
#BersihkanKaâ€¦",2025-12-09 10:57:02+00:00,0,31,Netral,Banjir
"RT @bibabercerita: Sampe kondisi lagi banjir pun tetep disuruh fotokopi KK-KTP ğŸ«¡
U tahu gak sih ini udah kayak jokes komedian gitu tapi terâ€¦",2025-12-09 10:57:02+00:00,0,7406,Netral,Banjir
"RT @bibabercerita: Sampe kondisi lagi banjir pun tetep disuruh fotokopi KK-KTP ğŸ«¡
U tahu gak sih ini udah kayak jokes komedian gitu tapi terâ€¦",2025-12-09 10:57:01+00:00,0,7406,Netral,Banjir
"RT @lilaccountz: tsunami 2004 vs banjir bandang 2025 

one is a purely natural disaster, the other is a disaster caused by environmental daâ€¦",2025-12-09 10:56:59+00:00,0,4922,Negatif,Banjir
"RT @bibabercerita: Sampe kondisi lagi banjir pun tetep disuruh fotokopi KK-KTP ğŸ«¡
U tahu gak sih ini udah kayak jokes komedian gitu tapi terâ€¦",2025-12-09 10:56:59+00:00,0,7406,Netral,Banjir
"RT @bibabercerita: Sampe kondisi lagi banjir pun tetep disuruh fotokopi KK-KTP ğŸ«¡
U tahu gak sih ini udah kayak jokes komedian gitu tapi terâ€¦",2025-12-09 10:56:57+00:00,0,7406,Netral,Banjir
RT @salam4jari: Seorang advokat bernama Arjana Bagaskara Solichin menggugat pemerintah ke PTUN Jakarta terkait penanganan banjir besar di Aâ€¦,2025-12-09 10:56:56+00:00,0,268,Netral,Banjir
"RT @rgoestama: Eh gmn? Mobil2 warga kejebak banjir bandang di tengah jalan, sampe akhirnya meninggal dan skrg jenazah berikut mobil2 nya maâ€¦",2025-12-09 10:56:55+00:00,0,4351,Netral,Banjir
RT @mkusumawijaya: Perbandingan sementara dampak Tsunami 2004 dan Banjir Sumatra 2025. Dalam hari2 mendatang mungkin akan bertambah. Sudahâ€¦,2025-12-09 10:56:55+00:00,0,44,Netral,Banjir
"RT @AidaGreenbury: A Sumatran elephant tasked to clear logging debris after deforestation and mudslide.Â 

https://t.co/yQHmIzEZPl https://tâ€¦",2025-12-09 10:56:55+00:00,0,187,Positif,Banjir
RT @tempodotco: Presiden Prabowo tak kunjung menetapkan banjir dan tanah longsor di Sumatera sebagai bencana nasional. Pemerintah mengabaikâ€¦,2025-12-09 10:56:55+00:00,0,1523,Netral,Banjir
RT @tempodotco: Presiden Prabowo tak kunjung menetapkan banjir dan tanah longsor di Sumatera sebagai bencana nasional. Pemerintah mengabaikâ€¦,2025-12-09 10:56:52+00:00,0,1523,Netral,Banjir
RT @Bambangmulyonoo: Seperti ini banjir gelondongan dimulai...... https://t.co/8Un015nxP4,2025-12-09 10:56:47+00:00,0,47,Netral,Banjir
RT @Aceh: Kota Kuala Simpang. Kondisi Aceh Tamiang Seperti Kota Mati â˜ ï¸. Semua orang yang tidak bisa mengungsi keluar perlu bantuan ğŸšğŸš°ğŸ’Šâ›ºï¸.â€¦,2025-12-09 10:56:47+00:00,0,29,Netral,Banjir
"RT @lilaccountz: tsunami 2004 vs banjir bandang 2025 

one is a purely natural disaster, the other is a disaster caused by environmental daâ€¦",2025-12-09 10:56:46+00:00,0,4922,Negatif,Banjir
RT @tempodotco: Presiden Prabowo tak kunjung menetapkan banjir dan tanah longsor di Sumatera sebagai bencana nasional. Pemerintah mengabaikâ€¦,2025-12-09 10:56:42+00:00,0,1523,Netral,Banjir
"Menteri Dalam Negeri (Mendagri) Tito Karnavian menuturkan, kegiatan magang itu diberikan demi membina kembali Bupati Aceh Selatan Mirwan MS yang diberhentikan karena berangkat umrah saat daerahnya dilanda bencana banjir dan longsor.

ğŸ‘‰ğŸ»Baca selengkapnya https://t.co/KteAA8ZyIx https://t.co/WsOJAOGow1",2025-12-09 10:56:41+00:00,0,0,Netral,Banjir
"RT @bibabercerita: Sampe kondisi lagi banjir pun tetep disuruh fotokopi KK-KTP ğŸ«¡
U tahu gak sih ini udah kayak jokes komedian gitu tapi terâ€¦",2025-12-09 10:56:40+00:00,0,7406,Netral,Banjir
"RT @bibabercerita: Sampe kondisi lagi banjir pun tetep disuruh fotokopi KK-KTP ğŸ«¡
U tahu gak sih ini udah kayak jokes komedian gitu tapi terâ€¦",2025-12-09 10:56:40+00:00,0,7406,Netral,Banjir
"RT @puresapphic: Setelah banjir akan ada lebih banyak orang yang hilang pekerjaan, bisnis, rumah, keluarga yang jadi pencari nafkah atau peâ€¦",2025-12-09 10:56:40+00:00,0,8836,Netral,Banjir
"RT @afrkml: Jenazah &amp; bangkai menumpuk
Air bersih gk ada, semuanya kotor &amp; busuk
Makan 1 sendok sehari
Listrik padam
Internet putus
Ada ygâ€¦",2025-12-09 10:56:34+00:00,0,8151,Netral,Banjir
"RT @infoBMKG: #Gempa Mag:5.5, 09-Dec-2025 14:02:54WIB, Lok:2.54LU, 95.94BT (48 km BaratLaut SINABANG-ACEH), Kedlmn:10 Km #BMKG 
Disclaimer:â€¦",2025-12-09 11:35:04+00:00,0,18,Netral,Gempa Bumi
"RT @infoBMKG: #Gempa Mag:5.5, 09-Dec-2025 14:02:54WIB, Lok:2.54LU, 95.94BT (48 km BaratLaut SINABANG-ACEH), Kedlmn:10 Km #BMKG 
Disclaimer:â€¦",2025-12-09 11:35:03+00:00,0,18,Netral,Gempa Bumi
"RT @okkymadasari: Banyak indikator menunjukkan penanganan bencana Sumatra terburuk dibandingkan tsunami Aceh, gempa Jogja, Palu.

Penyebab:â€¦",2025-12-09 11:34:43+00:00,0,526,Netral,Gempa Bumi
"RT @stravenues: Gempa 7.6 M, tapi terlihat kerusakan dapat diminimalisir karena bangunan sudah tahan gempa.

Inilah pentingnya mitigasi, buâ€¦",2025-12-09 11:34:34+00:00,0,464,Netral,Gempa Bumi
Jepang hampir tiap hari gempa https://t.co/LPHK6ihJ7o,2025-12-09 11:34:17+00:00,0,0,Netral,Gempa Bumi
"RT @Gempa_Tsunami: Gempa Mag:5.4, 09-12-2025 14:02:53 WIB, 54 km BaratLaut SINABANG ACEH, Kedalaman:10 Km https://t.co/90WUFPh5bU",2025-12-09 11:33:47+00:00,0,70,Netral,Gempa Bumi
RT @zakiberkata: Gempa Sumatera,2025-12-09 11:33:43+00:00,0,187,Netral,Gempa Bumi
"RT @stravenues: Gempa 7.6 M, tapi terlihat kerusakan dapat diminimalisir karena bangunan sudah tahan gempa.

Inilah pentingnya mitigasi, buâ€¦",2025-12-09 11:33:36+00:00,0,464,Netral,Gempa Bumi
"RT @stravenues: Gempa 7.6 M, tapi terlihat kerusakan dapat diminimalisir karena bangunan sudah tahan gempa.

Inilah pentingnya mitigasi, buâ€¦",2025-12-09 11:33:20+00:00,0,464,Netral,Gempa Bumi
"RT @stravenues: Gempa 7.6 M, tapi terlihat kerusakan dapat diminimalisir karena bangunan sudah tahan gempa.

Inilah pentingnya mitigasi, buâ€¦",2025-12-09 11:33:15+00:00,0,464,Netral,Gempa Bumi
RT @zakiberkata: Gempa magnitudo 7.5 Honshu Jepang. https://t.co/xJYH1yYK4p,2025-12-09 11:33:07+00:00,0,480,Netral,Gempa Bumi
"RT @okkymadasari: Banyak indikator menunjukkan penanganan bencana Sumatra terburuk dibandingkan tsunami Aceh, gempa Jogja, Palu.

Penyebab:â€¦",2025-12-09 11:33:03+00:00,0,526,Netral,Gempa Bumi
"RT @okkymadasari: Banyak indikator menunjukkan penanganan bencana Sumatra terburuk dibandingkan tsunami Aceh, gempa Jogja, Palu.

Penyebab:â€¦",2025-12-09 11:32:57+00:00,0,526,Netral,Gempa Bumi
"RT @okkymadasari: Banyak indikator menunjukkan penanganan bencana Sumatra terburuk dibandingkan tsunami Aceh, gempa Jogja, Palu.

Penyebab:â€¦",2025-12-09 11:32:48+00:00,0,526,Netral,Gempa Bumi
RT @andori: Jepang gempa gede gak sampe 1 jam dari kejadian perdana mentri nongol bikin pers. Evakuasi warganya gercep pol pdhl tengah maleâ€¦,2025-12-09 11:32:18+00:00,0,2071,Netral,Gempa Bumi
"#Gempa Mag:2.5, 09-Dec-2025 18:29:31WIB, Lok:9.67LS, 124.86BT (16 km BaratDaya MALAKA-NTT), Kedlmn:28 Km #BMKG 
Disclaimer:Informasi ini mengutamakan kecepatan, sehingga hasil pengolahan data belum stabil dan bisa berubah seiring kelengkapan data https://t.co/AMkU4DIoC2",2025-12-09 11:32:09+00:00,0,0,Netral,Gempa Bumi
"RT @Saefullloh: 11:15 Gempa
11:51 Perdana Menteri langsung ngasih statement, antisipasi, penanggulangan dan arahan untuk melakukan segala hâ€¦",2025-12-09 11:32:06+00:00,0,158,Netral,Gempa Bumi
"RT @infoBMKG: #Gempa Mag:5.5, 09-Dec-2025 14:02:54WIB, Lok:2.54LU, 95.94BT (48 km BaratLaut SINABANG-ACEH), Kedlmn:10 Km #BMKG 
Disclaimer:â€¦",2025-12-09 11:32:05+00:00,0,18,Netral,Gempa Bumi
"RT @SputnikIndo: ğŸš¨ Jepang Cabut Peringatan Tsunami Usai Gempa M7,5

Otoritas Jepang mencabut peringatan tsunami pada Selasa pagi, setelah gâ€¦",2025-12-09 11:31:58+00:00,0,0,Netral,Gempa Bumi
"RT @stravenues: Gempa 7.6 M, tapi terlihat kerusakan dapat diminimalisir karena bangunan sudah tahan gempa.

Inilah pentingnya mitigasi, buâ€¦",2025-12-09 11:31:47+00:00,0,464,Netral,Gempa Bumi
"RT @okkymadasari: Banyak indikator menunjukkan penanganan bencana Sumatra terburuk dibandingkan tsunami Aceh, gempa Jogja, Palu.

Penyebab:â€¦",2025-12-09 11:31:29+00:00,0,526,Netral,Gempa Bumi
@zakiberkata kenapaa gempa disana lama bgt yaa,2025-12-09 11:31:12+00:00,0,0,Netral,Gempa Bumi
RT @andori: Jepang gempa gede gak sampe 1 jam dari kejadian perdana mentri nongol bikin pers. Evakuasi warganya gercep pol pdhl tengah maleâ€¦,2025-12-09 11:31:09+00:00,0,2071,Netral,Gempa Bumi
"RT @stravenues: Gempa 7.6 M, tapi terlihat kerusakan dapat diminimalisir karena bangunan sudah tahan gempa.

Inilah pentingnya mitigasi, buâ€¦",2025-12-09 11:30:51+00:00,0,464,Netral,Gempa Bumi
RT @andori: Jepang gempa gede gak sampe 1 jam dari kejadian perdana mentri nongol bikin pers. Evakuasi warganya gercep pol pdhl tengah maleâ€¦,2025-12-09 11:30:24+00:00,0,2071,Netral,Gempa Bumi
"RT @Saefullloh: 11:15 Gempa
11:51 Perdana Menteri langsung ngasih statement, antisipasi, penanggulangan dan arahan untuk melakukan segala hâ€¦",2025-12-09 11:30:22+00:00,0,158,Netral,Gempa Bumi
"Gempa bumi kuat berukuran 7.5 magnitud melanda timur laut Jepun pada 8 Disember, mencederakan sekurang-kurangnya 30 orang dan memaksa puluhan ribu penduduk berpindah. https://t.co/UaTyQd5Dgi",2025-12-09 11:30:13+00:00,0,0,Netral,Gempa Bumi
"RT @infoBMKG: #Gempa (UPDATE) Mag:5.4, 09-Des-25 14:02:53 WIB, Lok:2.48 LU, 95.88 BT (Pusat gempa berada di laut 54 km BaratLaut SINABANG-Aâ€¦",2025-12-09 11:30:07+00:00,0,8,Netral,Gempa Bumi
RT @andori: Jepang gempa gede gak sampe 1 jam dari kejadian perdana mentri nongol bikin pers. Evakuasi warganya gercep pol pdhl tengah maleâ€¦,2025-12-09 11:29:59+00:00,0,2071,Netral,Gempa Bumi
RT @andori: Jepang gempa gede gak sampe 1 jam dari kejadian perdana mentri nongol bikin pers. Evakuasi warganya gercep pol pdhl tengah maleâ€¦,2025-12-09 11:29:48+00:00,0,2071,Netral,Gempa Bumi
RT @andori: Jepang gempa gede gak sampe 1 jam dari kejadian perdana mentri nongol bikin pers. Evakuasi warganya gercep pol pdhl tengah maleâ€¦,2025-12-09 11:29:47+00:00,0,2071,Netral,Gempa Bumi
"RT @InfoHumasBMKG: Siap Hadapi Gempa Megathrust! ğŸŒ

Gempa megathrust bisa capai &gt;M8,0, merusak luas &amp; picu tsunami besar.
ğŸ“Œ Contoh: Chile 1â€¦",2025-12-09 11:29:28+00:00,0,217,Netral,Gempa Bumi
"@Yukamrina Oh! Ini dia Sydney yang katanya punya banyak kenalan CEO itu. Tmi nya: kemarin habis kena gempa di Jepang, cuma kaget bentar habis itu udah wkwkwkw",2025-12-09 11:28:04+00:00,0,0,Netral,Gempa Bumi
RT @zakiberkata: Gempa Sumatera,2025-12-09 11:27:54+00:00,0,187,Netral,Gempa Bumi
"RT @MalaysiaGazette: Gempa magnitud 7.5 di Jepun: 30 cedera, kerajaan keluar amaran gempa lebih kuat
#malaysiagazette 

https://t.co/kgHUSHâ€¦",2025-12-09 11:27:36+00:00,0,1,Netral,Gempa Bumi
RT @zakiberkata: Gempa Sumatera,2025-12-09 11:27:11+00:00,0,187,Netral,Gempa Bumi
RT @andori: Jepang gempa gede gak sampe 1 jam dari kejadian perdana mentri nongol bikin pers. Evakuasi warganya gercep pol pdhl tengah maleâ€¦,2025-12-09 11:27:10+00:00,0,2071,Netral,Gempa Bumi
RT @andori: Jepang gempa gede gak sampe 1 jam dari kejadian perdana mentri nongol bikin pers. Evakuasi warganya gercep pol pdhl tengah maleâ€¦,2025-12-09 11:26:57+00:00,0,2071,Netral,Gempa Bumi
RT @andori: Jepang gempa gede gak sampe 1 jam dari kejadian perdana mentri nongol bikin pers. Evakuasi warganya gercep pol pdhl tengah maleâ€¦,2025-12-09 11:26:44+00:00,0,2071,Netral,Gempa Bumi
RT @andori: Jepang gempa gede gak sampe 1 jam dari kejadian perdana mentri nongol bikin pers. Evakuasi warganya gercep pol pdhl tengah maleâ€¦,2025-12-09 11:26:41+00:00,0,2071,Netral,Gempa Bumi
RT @hypergengsi: lagian buat apa sih selamat dari gempa dan hidup lama tapi gak mengimani Tuhan yg sama dengan saya,2025-12-09 11:26:35+00:00,0,1,Netral,Gempa Bumi
RT @andori: Jepang gempa gede gak sampe 1 jam dari kejadian perdana mentri nongol bikin pers. Evakuasi warganya gercep pol pdhl tengah maleâ€¦,2025-12-09 11:26:34+00:00,0,2071,Netral,Gempa Bumi
lagian buat apa sih selamat dari gempa dan hidup lama tapi gak mengimani Tuhan yg sama dengan saya https://t.co/TMqlk8Q3W6,2025-12-09 11:26:05+00:00,1,1,Netral,Gempa Bumi
RT @andori: Jepang gempa gede gak sampe 1 jam dari kejadian perdana mentri nongol bikin pers. Evakuasi warganya gercep pol pdhl tengah maleâ€¦,2025-12-09 11:26:03+00:00,0,2071,Netral,Gempa Bumi
"RT @Saefullloh: 11:15 Gempa
11:51 Perdana Menteri langsung ngasih statement, antisipasi, penanggulangan dan arahan untuk melakukan segala hâ€¦",2025-12-09 11:25:56+00:00,0,158,Netral,Gempa Bumi
"Komplikasi:
Jika tidak segera ditangani, meningitis bisa menyebabkan komplikasi serius seperti kejang, kerusakan otak, atau bahkan kematian.",2025-12-09 11:25:46+00:00,0,0,Netral,Gempa Bumi
"@txtdrimedia Nyumbang apa pak?
Bantuan atau kerusakan?",2025-12-09 11:25:25+00:00,0,0,Netral,Gempa Bumi
"@msaid_didu Semua partai ikut andil dalam lahirnya UU Cipta Kerja, termasuk @PDI_Perjuangan dan @Gerindra, mereka bagian dari kerusakan itu.

#ResetIndonesia",2025-12-09 11:25:15+00:00,0,0,Netral,Gempa Bumi
RT @andori: Jepang gempa gede gak sampe 1 jam dari kejadian perdana mentri nongol bikin pers. Evakuasi warganya gercep pol pdhl tengah maleâ€¦,2025-12-09 11:25:05+00:00,0,2071,Netral,Gempa Bumi
RT @andori: Jepang gempa gede gak sampe 1 jam dari kejadian perdana mentri nongol bikin pers. Evakuasi warganya gercep pol pdhl tengah maleâ€¦,2025-12-09 11:24:59+00:00,0,2071,Netral,Gempa Bumi
"RT @stravenues: Gempa 7.6 M, tapi terlihat kerusakan dapat diminimalisir karena bangunan sudah tahan gempa.

Inilah pentingnya mitigasi, buâ€¦",2025-12-09 11:24:38+00:00,0,464,Netral,Gempa Bumi
"@fantasia_JB Kaya udah berkali kali bencana alam mulai dari gunung meletus sampe gempa bumi, tapi mitigasinya masih aja nol",2025-12-09 11:24:25+00:00,0,0,Netral,Gempa Bumi
RT @andori: Jepang gempa gede gak sampe 1 jam dari kejadian perdana mentri nongol bikin pers. Evakuasi warganya gercep pol pdhl tengah maleâ€¦,2025-12-09 11:24:20+00:00,0,2071,Netral,Gempa Bumi
RT @andori: Jepang gempa gede gak sampe 1 jam dari kejadian perdana mentri nongol bikin pers. Evakuasi warganya gercep pol pdhl tengah maleâ€¦,2025-12-09 11:24:15+00:00,0,2071,Netral,Gempa Bumi
"RT @m4chra: guys kemarin gua lagi di rest area sama keluarga, awalnya suasananya normal bgt. tapi tiba2 tanah kayak geter gitu, terus semuaâ€¦",2025-12-09 11:23:50+00:00,0,4352,Positif,Gempa Bumi
RT @andori: Jepang gempa gede gak sampe 1 jam dari kejadian perdana mentri nongol bikin pers. Evakuasi warganya gercep pol pdhl tengah maleâ€¦,2025-12-09 11:23:32+00:00,0,2071,Netral,Gempa Bumi
RT @andori: Jepang gempa gede gak sampe 1 jam dari kejadian perdana mentri nongol bikin pers. Evakuasi warganya gercep pol pdhl tengah maleâ€¦,2025-12-09 11:23:30+00:00,0,2071,Netral,Gempa Bumi
"RT @stravenues: Gempa 7.6 M, tapi terlihat kerusakan dapat diminimalisir karena bangunan sudah tahan gempa.

Inilah pentingnya mitigasi, buâ€¦",2025-12-09 11:22:55+00:00,0,464,Netral,Gempa Bumi
RT @andori: Jepang gempa gede gak sampe 1 jam dari kejadian perdana mentri nongol bikin pers. Evakuasi warganya gercep pol pdhl tengah maleâ€¦,2025-12-09 11:22:43+00:00,0,2071,Netral,Gempa Bumi
RT @andori: Jepang gempa gede gak sampe 1 jam dari kejadian perdana mentri nongol bikin pers. Evakuasi warganya gercep pol pdhl tengah maleâ€¦,2025-12-09 11:22:38+00:00,0,2071,Netral,Gempa Bumi
RT @zakiberkata: Gempa Sumatera,2025-12-09 11:22:28+00:00,0,187,Netral,Gempa Bumi
"@kentamparsendal Halo! Ini Twitter Wrapped 2025-mu berdasarkan aktivitasmu sepanjang tahun (sampel dari post terbaru).

- Total post: ~100+ (aktif banget di Desember!)
- Top topik: K-pop (EXO, Baekhyun), daily life, makanan (dendeng!), &amp; reaksi berita (gempa, hujan).
- Kata favorit: ""Anjir""",2025-12-09 11:22:17+00:00,0,0,Positif,Gempa Bumi
RT @andori: Jepang gempa gede gak sampe 1 jam dari kejadian perdana mentri nongol bikin pers. Evakuasi warganya gercep pol pdhl tengah maleâ€¦,2025-12-09 11:22:09+00:00,0,2071,Netral,Gempa Bumi
"RT @okkymadasari: Banyak indikator menunjukkan penanganan bencana Sumatra terburuk dibandingkan tsunami Aceh, gempa Jogja, Palu.

Penyebab:â€¦",2025-12-09 11:21:46+00:00,0,526,Netral,Gempa Bumi
"@bestinformm dibohongi soal ketersedian listrik di aceh pasca gempa, malah dibilang cerdas, yang BODOH elu atau siapa ğŸ˜",2025-12-09 11:21:33+00:00,0,0,Netral,Gempa Bumi
"Bener bener kecewa sih sama kondisi Indo skrgğŸ˜” kerusakan di mana-mana, korupsi, eksploitasi, belum lagi manajemen pemerintahan YaAllah tolongin",2025-12-09 11:21:13+00:00,0,0,Netral,Gempa Bumi
"RT @okkymadasari: Banyak indikator menunjukkan penanganan bencana Sumatra terburuk dibandingkan tsunami Aceh, gempa Jogja, Palu.

Penyebab:â€¦",2025-12-09 11:21:02+00:00,0,526,Netral,Gempa Bumi
"RT @stravenues: Gempa 7.6 M, tapi terlihat kerusakan dapat diminimalisir karena bangunan sudah tahan gempa.

Inilah pentingnya mitigasi, buâ€¦",2025-12-09 11:20:54+00:00,0,464,Netral,Gempa Bumi
"RT @stravenues: Gempa 7.6 M, tapi terlihat kerusakan dapat diminimalisir karena bangunan sudah tahan gempa.

Inilah pentingnya mitigasi, buâ€¦",2025-12-09 11:20:22+00:00,0,464,Netral,Gempa Bumi
RT @andori: Jepang gempa gede gak sampe 1 jam dari kejadian perdana mentri nongol bikin pers. Evakuasi warganya gercep pol pdhl tengah maleâ€¦,2025-12-09 11:19:57+00:00,0,2071,Netral,Gempa Bumi
"RT @stravenues: Gempa 7.6 M, tapi terlihat kerusakan dapat diminimalisir karena bangunan sudah tahan gempa.

Inilah pentingnya mitigasi, buâ€¦",2025-12-09 11:19:49+00:00,0,464,Netral,Gempa Bumi
"RT @stravenues: Gempa 7.6 M, tapi terlihat kerusakan dapat diminimalisir karena bangunan sudah tahan gempa.

Inilah pentingnya mitigasi, buâ€¦",2025-12-09 11:19:21+00:00,0,464,Netral,Gempa Bumi
"RT @okkymadasari: Banyak indikator menunjukkan penanganan bencana Sumatra terburuk dibandingkan tsunami Aceh, gempa Jogja, Palu.

Penyebab:â€¦",2025-12-09 11:19:15+00:00,0,526,Netral,Gempa Bumi
"RT @stravenues: Gempa 7.6 M, tapi terlihat kerusakan dapat diminimalisir karena bangunan sudah tahan gempa.

Inilah pentingnya mitigasi, buâ€¦",2025-12-09 11:19:11+00:00,0,464,Netral,Gempa Bumi
RT @andori: Jepang gempa gede gak sampe 1 jam dari kejadian perdana mentri nongol bikin pers. Evakuasi warganya gercep pol pdhl tengah maleâ€¦,2025-12-09 11:19:00+00:00,0,2071,Netral,Gempa Bumi
@salam4jari Dirjen kebakaran? Dirjen gempa? Dirjen puting beliung? Ada juga?,2025-12-09 11:18:44+00:00,0,0,Netral,Gempa Bumi
"RT @Saefullloh: 11:15 Gempa
11:51 Perdana Menteri langsung ngasih statement, antisipasi, penanggulangan dan arahan untuk melakukan segala hâ€¦",2025-12-09 11:18:25+00:00,0,158,Netral,Gempa Bumi
"RT @stravenues: Gempa 7.6 M, tapi terlihat kerusakan dapat diminimalisir karena bangunan sudah tahan gempa.

Inilah pentingnya mitigasi, buâ€¦",2025-12-09 11:18:23+00:00,0,464,Netral,Gempa Bumi
RT @andori: Jepang gempa gede gak sampe 1 jam dari kejadian perdana mentri nongol bikin pers. Evakuasi warganya gercep pol pdhl tengah maleâ€¦,2025-12-09 11:18:07+00:00,0,2071,Netral,Gempa Bumi
RT @zakiberkata: Gempa Sumatera,2025-12-09 11:17:36+00:00,0,187,Netral,Gempa Bumi
RT @Ozi_Tyo: udah kayak jepang kalo mau gempa kominfo otomatis ngirim sinyal ke warganya untuk siap siap dan waspada https://t.co/ckhpMqWPDj,2025-12-09 11:17:22+00:00,0,0,Netral,Gempa Bumi
"RT @infoBMKG: #Gempa Mag:5.5, 09-Dec-2025 14:02:54WIB, Lok:2.54LU, 95.94BT (48 km BaratLaut SINABANG-ACEH), Kedlmn:10 Km #BMKG 
Disclaimer:â€¦",2025-12-09 11:17:16+00:00,0,18,Netral,Gempa Bumi
"Gempa bumi kuat bermagnitud 7.5 melanda timur laut Jepun malam tadi, mencederakan 30 orang dan mencetuskan ombak tsunami setinggi 70cm. Kerajaan Jepun keluarkan amaran kemungkinan gempa susulan lebih besar. #GempaJepun #Tsunami

ğŸ”— https://t.co/OSZ0OVn9Fj",2025-12-09 11:16:16+00:00,0,0,Netral,Gempa Bumi
RT @andori: Jepang gempa gede gak sampe 1 jam dari kejadian perdana mentri nongol bikin pers. Evakuasi warganya gercep pol pdhl tengah maleâ€¦,2025-12-09 11:16:05+00:00,0,2071,Netral,Gempa Bumi
"@steveninseattle Berikut tambahan list kesalahan Jokowi 2014-2024 Wrapped, berdasarkan kritik dari sumber seperti Reuters, CFR, Al Jazeera, dan Indoleft:

8. Penanganan pandemi COVID-19 (kritik distribusi vaksin &amp; dampak ekonomi).
9. Deforestasi &amp; kerusakan lingkungan dari proyek infrastruktur.",2025-12-09 11:16:05+00:00,1,0,Netral,Gempa Bumi
RT @andori: Jepang gempa gede gak sampe 1 jam dari kejadian perdana mentri nongol bikin pers. Evakuasi warganya gercep pol pdhl tengah maleâ€¦,2025-12-09 11:16:01+00:00,0,2071,Netral,Gempa Bumi
Gempa 7.5m yg jatuh cuma kertasnya doang ğŸ˜Œ https://t.co/9v8ETJRKif,2025-12-09 11:15:50+00:00,1,0,Netral,Gempa Bumi
"RT @okkymadasari: Banyak indikator menunjukkan penanganan bencana Sumatra terburuk dibandingkan tsunami Aceh, gempa Jogja, Palu.

Penyebab:â€¦",2025-12-09 11:15:23+00:00,0,526,Netral,Gempa Bumi
@rizieqdivist https://t.co/3IIKSSUXAB,2025-12-09 11:15:12+00:00,0,0,Netral,Gempa Bumi
RT @HogwartsXArtist: Anjir firstime gambar gempa se imut ini ğŸ˜‹#BoboiboyGempa #Monsta #Artist https://t.co/XUltABPMoC,2025-12-09 11:15:08+00:00,0,63,Netral,Gempa Bumi
"RT @stravenues: Gempa 7.6 M, tapi terlihat kerusakan dapat diminimalisir karena bangunan sudah tahan gempa.

Inilah pentingnya mitigasi, buâ€¦",2025-12-09 11:15:04+00:00,0,464,Netral,Gempa Bumi
"Gempa Jepang
#DuniaDalamBerita https://t.co/dpkkSxdZFT",2025-12-09 11:14:51+00:00,1,0,Netral,Gempa Bumi
@amrudinnejad_ untuk memastikan bahwa pesantren yang mengalami kerusakan parah tidak berjuang sendirian melewati masa sulit ini  memang terbaik pokoknya #NUPeduliBencanaSumatera,2025-12-09 11:14:47+00:00,0,0,Netral,Gempa Bumi
@ivancahyadi88 https://t.co/3IIKSSVvq9,2025-12-09 11:14:18+00:00,0,0,Netral,Gempa Bumi
"RT @okkymadasari: Banyak indikator menunjukkan penanganan bencana Sumatra terburuk dibandingkan tsunami Aceh, gempa Jogja, Palu.

Penyebab:â€¦",2025-12-09 11:14:09+00:00,0,526,Netral,Gempa Bumi
"RT @Saefullloh: 11:15 Gempa
11:51 Perdana Menteri langsung ngasih statement, antisipasi, penanggulangan dan arahan untuk melakukan segala hâ€¦",2025-12-09 11:14:02+00:00,0,158,Netral,Gempa Bumi
RT @zakiberkata: Gempa Sumatera,2025-12-09 11:13:07+00:00,0,187,Netral,Gempa Bumi
masa bersyukur? aduh aneh bgt. apanya yang ditangani? masih banyak kerusakan yang lain. hdh. https://t.co/Pc6tYha0dL,2025-12-09 11:13:06+00:00,0,0,Netral,Gempa Bumi
RT @andori: Jepang gempa gede gak sampe 1 jam dari kejadian perdana mentri nongol bikin pers. Evakuasi warganya gercep pol pdhl tengah maleâ€¦,2025-12-09 11:13:00+00:00,0,2071,Netral,Gempa Bumi
"RT @stravenues: Gempa 7.6 M, tapi terlihat kerusakan dapat diminimalisir karena bangunan sudah tahan gempa.

Inilah pentingnya mitigasi, buâ€¦",2025-12-09 11:12:41+00:00,0,464,Netral,Gempa Bumi
RT @tempodotco: Presiden Prabowo tak kunjung menetapkan banjir dan tanah longsor di Sumatera sebagai bencana nasional. Pemerintah mengabaikâ€¦,2025-12-09 11:11:44+00:00,0,1589,Netral,Tanah Longsor
"RT @Aceh: Seluruh Aceh Gelap ğŸ•¯ mati lampu  sampai Minggu, 14 Des 2025. Aceh terisolasi terputus dari jaringan listrik Sumatera. Aceh mati lâ€¦",2025-12-09 11:11:43+00:00,0,3,Netral,Tanah Longsor
"RT @gimbot75: Disaat Saudara"" kita di pulau sumatera Berjuang melawan banjir &amp; longsor efek penggundulan hutan yg ugal""an, disudut sana sauâ€¦",2025-12-09 11:11:39+00:00,0,2390,Netral,Tanah Longsor
"Banjir &amp; longsor melanda Aceh, Sumatera Utara, dan Sumatera Barat.
Ayo ikuti perkembangan penanganannya lewat kanal resmi BNPB.
Tetap waspada dan jaga keselamatan.

https://t.co/TIiL1LNNeB

BNPB Live Update Bencana",2025-12-09 11:11:33+00:00,0,0,Positif,Tanah Longsor
RT @Aceh: Komentar Korban Bencana yg pernah merasakan Bencana Tsunami 2004 yang membunuh lebih 200 ribu warga Aceh dan juga jadi korban Benâ€¦,2025-12-09 11:11:26+00:00,0,1552,Netral,Tanah Longsor
RT @zakiberkata: Pohon hutan jauh lebih baik dibanding Sawit dalam menahan longsor dan banjir https://t.co/a4P6tbh2Bt,2025-12-09 11:11:24+00:00,0,3227,Netral,Tanah Longsor
RT @tempodotco: Presiden Prabowo tak kunjung menetapkan banjir dan tanah longsor di Sumatera sebagai bencana nasional. Pemerintah mengabaikâ€¦,2025-12-09 11:11:24+00:00,0,1589,Netral,Tanah Longsor
RT @andywindarto: Gubernur Sumbar @mahyeldi_sp membatalkan resepsi pernikahan 3 orang putranya tanggal 6-7 Desember 2025 dan memindahkan jaâ€¦,2025-12-09 11:11:23+00:00,0,39,Netral,Tanah Longsor
"RT @inilahdotcom: Suasana kepanikan menyelimuti Desa Aek Bottar, Kecamatan Tukka.

Banjir dan longsor besar memaksa warga bergerak cepat meâ€¦",2025-12-09 11:11:14+00:00,0,11,Netral,Tanah Longsor
"RT @tempodotco: Biang Kerok Banjir Sumatera

Lebih dari 800 orang meninggal akibat banjir dan longsor di Sumatera. Pemerintah pusat tak kunâ€¦",2025-12-09 11:11:10+00:00,0,2246,Netral,Tanah Longsor
"RT @persib: Kita bersuara bersama di stadion, dan bergerak bersama untuk kemanusiaan.

#PERSIB mengajak Bobotoh untuk membantu saudara-saudâ€¦",2025-12-09 11:11:07+00:00,0,1,Netral,Tanah Longsor
RT @tempodotco: Presiden Prabowo tak kunjung menetapkan banjir dan tanah longsor di Sumatera sebagai bencana nasional. Pemerintah mengabaikâ€¦,2025-12-09 11:10:46+00:00,0,1589,Netral,Tanah Longsor
RT @tempodotco: Presiden Prabowo tak kunjung menetapkan banjir dan tanah longsor di Sumatera sebagai bencana nasional. Pemerintah mengabaikâ€¦,2025-12-09 11:10:45+00:00,0,1589,Netral,Tanah Longsor
RT @tempodotco: Presiden Prabowo tak kunjung menetapkan banjir dan tanah longsor di Sumatera sebagai bencana nasional. Pemerintah mengabaikâ€¦,2025-12-09 11:10:40+00:00,0,1589,Netral,Tanah Longsor
"RT @taufik_q: Sangat menyentuh. Begitu sedihnya dokter muda ini, melihat kondisi RSUD Tamiang Aceh, pasca bencana banjir dan longsor di Aceâ€¦",2025-12-09 11:10:38+00:00,0,9,Netral,Tanah Longsor
RT @zakiberkata: Pohon hutan jauh lebih baik dibanding Sawit dalam menahan longsor dan banjir https://t.co/a4P6tbh2Bt,2025-12-09 11:10:18+00:00,0,3227,Netral,Tanah Longsor
RT @tempodotco: Presiden Prabowo tak kunjung menetapkan banjir dan tanah longsor di Sumatera sebagai bencana nasional. Pemerintah mengabaikâ€¦,2025-12-09 11:10:03+00:00,0,1589,Netral,Tanah Longsor
RT @tempodotco: Presiden Prabowo tak kunjung menetapkan banjir dan tanah longsor di Sumatera sebagai bencana nasional. Pemerintah mengabaikâ€¦,2025-12-09 11:09:45+00:00,0,1589,Netral,Tanah Longsor
"RT @gimbot75: Disaat Saudara"" kita di pulau sumatera Berjuang melawan banjir &amp; longsor efek penggundulan hutan yg ugal""an, disudut sana sauâ€¦",2025-12-09 11:09:44+00:00,0,2390,Netral,Tanah Longsor
"RT @real_pcyina: PARK CHANYEOL INA PEDULI - #AllEyesOnSumatra ğŸ‡®ğŸ‡©ğŸ’

Sumatra kembali berduka.
Banjir bandang, longsor, dan rumah yang hilangâ€¦",2025-12-09 11:09:42+00:00,0,164,Netral,Tanah Longsor
"RT @kompascom: ""Saat ini baru 60 persen listrik menyala di 18 kabupaten/kota yang terdampak banjir dan longsor di Aceh. Saya minta seluruhâ€¦",2025-12-09 11:09:40+00:00,0,247,Netral,Tanah Longsor
RT @zakiberkata: Pohon hutan jauh lebih baik dibanding Sawit dalam menahan longsor dan banjir https://t.co/a4P6tbh2Bt,2025-12-09 11:09:39+00:00,0,3227,Netral,Tanah Longsor
"RT @gimbot75: Disaat Saudara"" kita di pulau sumatera Berjuang melawan banjir &amp; longsor efek penggundulan hutan yg ugal""an, disudut sana sauâ€¦",2025-12-09 11:09:39+00:00,0,2390,Netral,Tanah Longsor
"Video detik-detik korban terjebak kebakaran di gedung 7 lantai di Kemayoran menunggu untuk di evakuasi oleh petugas. Selasa 09/12
Jakarta Pusat https://t.co/r29ZJLmcZ9",2025-12-09 11:09:35+00:00,0,0,Netral,Tanah Longsor
"RT @gimbot75: Disaat Saudara"" kita di pulau sumatera Berjuang melawan banjir &amp; longsor efek penggundulan hutan yg ugal""an, disudut sana sauâ€¦",2025-12-09 11:09:24+00:00,0,2390,Netral,Tanah Longsor
RT @tempodotco: Presiden Prabowo tak kunjung menetapkan banjir dan tanah longsor di Sumatera sebagai bencana nasional. Pemerintah mengabaikâ€¦,2025-12-09 11:09:21+00:00,0,1589,Netral,Tanah Longsor
"RT @gimbot75: Disaat Saudara"" kita di pulau sumatera Berjuang melawan banjir &amp; longsor efek penggundulan hutan yg ugal""an, disudut sana sauâ€¦",2025-12-09 11:09:21+00:00,0,2390,Netral,Tanah Longsor
"RT @gimbot75: Disaat Saudara"" kita di pulau sumatera Berjuang melawan banjir &amp; longsor efek penggundulan hutan yg ugal""an, disudut sana sauâ€¦",2025-12-09 11:09:20+00:00,0,2390,Netral,Tanah Longsor
RT @tempodotco: Presiden Prabowo tak kunjung menetapkan banjir dan tanah longsor di Sumatera sebagai bencana nasional. Pemerintah mengabaikâ€¦,2025-12-09 11:09:16+00:00,0,1589,Netral,Tanah Longsor
RT @Aceh: Warga Aceh merasa kecewa setelah menonton di YouTube laporan para pembantu Presiden @Prabowo dalam rapat terbatas penanganan banjâ€¦,2025-12-09 11:09:14+00:00,0,392,Netral,Tanah Longsor
"RT @Aceh: Seluruh Aceh Gelap ğŸ•¯ mati lampu  sampai Minggu, 14 Des 2025. Aceh terisolasi terputus dari jaringan listrik Sumatera. Aceh mati lâ€¦",2025-12-09 11:09:12+00:00,0,3,Netral,Tanah Longsor
"Pantau kondisi terkini banjir longsor di 3 provinsi melalui BNPB Live Update.
Follow juga TikTok @bnpbindonesia, IG @bnpb_indonesia, dan X @BNPB_Indonesia untuk info terbaru.

https://t.co/pdEuFqCJrJ

BNPB Live Update Bencana",2025-12-09 11:09:11+00:00,0,0,Positif,Tanah Longsor
@P0lt4k_1511 Mereka berjuang untuk evakuasi mandiri. Semoga Allah melindungi mereka agar sampai di tempat yang aman. Aamiin,2025-12-09 11:09:09+00:00,0,0,Netral,Tanah Longsor
"RT @NarasiNewsroom: Sebanyak 40 jenazah korban bencana banjir dan longsor di Aceh, Sumatera Utara, dan Sumatera Barat ditemukan pada Seninâ€¦",2025-12-09 11:09:07+00:00,0,330,Netral,Tanah Longsor
"RT @IbrahimAzzaini: Besok kita distribusikan ya.
Logistik untuk para korban longsor dan banjir di Tapanuli Tengah. 

Target kita adalah lokâ€¦",2025-12-09 11:09:06+00:00,0,10,Netral,Tanah Longsor
"Sekjen PDI-P Hasto Kristiyanto menilai banjir bandang dan longsor di Aceh, Sumatera Utara, dan Sumatera Barat tidak terlepas dari kesalahan kebijakan para pemegang kekuasaan.

Ia menyampaikan hal ini dalam seminar nasional Refleksi Hari Antikorupsi Sedunia di Sekolah Partai https://t.co/alHzunkPzP",2025-12-09 11:09:03+00:00,0,0,Netral,Tanah Longsor
"RT @NarasiNewsroom: Sebanyak 40 jenazah korban bencana banjir dan longsor di Aceh, Sumatera Utara, dan Sumatera Barat ditemukan pada Seninâ€¦",2025-12-09 11:08:57+00:00,0,330,Netral,Tanah Longsor
RT @tempodotco: Presiden Prabowo tak kunjung menetapkan banjir dan tanah longsor di Sumatera sebagai bencana nasional. Pemerintah mengabaikâ€¦,2025-12-09 11:08:55+00:00,0,1589,Netral,Tanah Longsor
"ğŸš¨ Update banjir &amp; longsor Sumatera setakat 7.00 malam: 940 korban meninggal, 276 hilang. Operasi SAR masih berlanjut di Aceh, Sumut &amp; Sumbar. #BanjirSumatera #PrayForSumatera

ğŸ”— https://t.co/MUbajEBrcs",2025-12-09 11:08:54+00:00,0,0,Netral,Tanah Longsor
"RT @Aceh: Seluruh Aceh Gelap ğŸ•¯ mati lampu  sampai Minggu, 14 Des 2025. Aceh terisolasi terputus dari jaringan listrik Sumatera. Aceh mati lâ€¦",2025-12-09 11:08:54+00:00,0,3,Netral,Tanah Longsor
"RT @gimbot75: Disaat Saudara"" kita di pulau sumatera Berjuang melawan banjir &amp; longsor efek penggundulan hutan yg ugal""an, disudut sana sauâ€¦",2025-12-09 11:08:49+00:00,0,2390,Netral,Tanah Longsor
"RT @kompascom: Mahkamah Partai Gerindra memastikan akan segera menggelar sidang etik terhadap Bupati Aceh Selatan Mirwan MS, yang kini tengâ€¦",2025-12-09 11:08:48+00:00,0,1,Netral,Tanah Longsor
"Komika sekaligus musisi Praz Teguh turun langsung ke lokasi banjir dan longsor di Sumatera. Ia berhasil menggalang dana sekitar Rp1 miliar untuk bantuan logistik, sembako, dan obat-obatan bagi para ko",2025-12-09 11:08:47+00:00,0,0,Netral,Tanah Longsor
"BNPB terus melakukan update situasi dan penanganan bencana banjir &amp; longsor di Aceh, Sumut, dan Sumbar.
Saksikan BNPB Live Update Bencana di YouTube @bnpb_indonesia.

https://t.co/a8oI8OqjDe

BNPB Live Update Bencana",2025-12-09 11:08:46+00:00,0,0,Positif,Tanah Longsor
"Dari pagi ke sore, petugas PLN muter terus untuk benerin sambungan yang ketarik longsor. Tenaganya seakan ga habis. https://t.co/uC5NmOvZHj",2025-12-09 11:08:37+00:00,0,0,Netral,Tanah Longsor
"RT @BBCIndonesia: Tujuh bupati di Aceh sudah menyatakan tidak sanggup menangani banjir dan longsor. Di saat yang sama, warga Aceh, Sumut, dâ€¦",2025-12-09 11:08:35+00:00,0,199,Netral,Tanah Longsor
RT @tempodotco: Presiden Prabowo tak kunjung menetapkan banjir dan tanah longsor di Sumatera sebagai bencana nasional. Pemerintah mengabaikâ€¦,2025-12-09 11:08:35+00:00,0,1589,Netral,Tanah Longsor
RT @zakiberkata: Pohon hutan jauh lebih baik dibanding Sawit dalam menahan longsor dan banjir https://t.co/a4P6tbh2Bt,2025-12-09 11:08:33+00:00,0,3227,Netral,Tanah Longsor
"RT @gimbot75: Disaat Saudara"" kita di pulau sumatera Berjuang melawan banjir &amp; longsor efek penggundulan hutan yg ugal""an, disudut sana sauâ€¦",2025-12-09 11:08:33+00:00,0,2390,Netral,Tanah Longsor
@willthesheeple @aimr0d Gedung tinggi tapi jalur evakuasi ga proper atau bahkan ga ada,2025-12-09 11:08:08+00:00,0,0,Netral,Tanah Longsor
"RT @tang__kira: TW // Animal Abuse

Seekor kucing ditemukan tewas dengan setengah bagian tubuhnya tertimbun di tanah di sebuah universitasâ€¦",2025-12-09 11:07:52+00:00,0,274,Netral,Tanah Longsor
RT @tempodotco: Presiden Prabowo tak kunjung menetapkan banjir dan tanah longsor di Sumatera sebagai bencana nasional. Pemerintah mengabaikâ€¦,2025-12-09 11:07:52+00:00,0,1589,Netral,Tanah Longsor
RT @tempodotco: Presiden Prabowo tak kunjung menetapkan banjir dan tanah longsor di Sumatera sebagai bencana nasional. Pemerintah mengabaikâ€¦,2025-12-09 11:07:45+00:00,0,1589,Netral,Tanah Longsor
PLN Pulihkan 100 Persen Listrik Sumut Pascabencana Banjir dan Longsor https://t.co/tFYOti63qB https://t.co/b20HFulAi0,2025-12-09 11:07:17+00:00,0,0,Netral,Tanah Longsor
"RT @kompascom: ""Saat ini baru 60 persen listrik menyala di 18 kabupaten/kota yang terdampak banjir dan longsor di Aceh. Saya minta seluruhâ€¦",2025-12-09 11:07:16+00:00,0,247,Netral,Tanah Longsor
"Seluruh Aceh Gelap ğŸ•¯ mati lampu  sampai Minggu, 14 Des 2025. Aceh terisolasi terputus dari jaringan listrik Sumatera. Aceh mati listrik sejak Nov 26 ğŸŒ€ Bencana Banjir dan Longsor 
https://t.co/ArUcor0ksT https://t.co/GEJ1N5XWZU",2025-12-09 11:07:14+00:00,4,3,Netral,Tanah Longsor
"RT @gimbot75: Disaat Saudara"" kita di pulau sumatera Berjuang melawan banjir &amp; longsor efek penggundulan hutan yg ugal""an, disudut sana sauâ€¦",2025-12-09 11:07:13+00:00,0,2390,Netral,Tanah Longsor
"Kita bersuara bersama di stadion, dan bergerak bersama untuk kemanusiaan.

#PERSIB mengajak Bobotoh untuk membantu saudara-saudara kita yang terdampak banjir dan longsor di Sumatera melalui dua bentuk dukungan:

ğŸ“² Donasikan uang melalui PERSIB App
ğŸ‘• Sumbangkan pakaian layak https://t.co/A7Bpvg3COv",2025-12-09 11:07:13+00:00,9,1,Netral,Tanah Longsor
RT @tempodotco: Presiden Prabowo tak kunjung menetapkan banjir dan tanah longsor di Sumatera sebagai bencana nasional. Pemerintah mengabaikâ€¦,2025-12-09 11:07:09+00:00,0,1589,Netral,Tanah Longsor
"RT @gimbot75: Disaat Saudara"" kita di pulau sumatera Berjuang melawan banjir &amp; longsor efek penggundulan hutan yg ugal""an, disudut sana sauâ€¦",2025-12-09 11:07:01+00:00,0,2390,Netral,Tanah Longsor
"RT @gimbot75: Disaat Saudara"" kita di pulau sumatera Berjuang melawan banjir &amp; longsor efek penggundulan hutan yg ugal""an, disudut sana sauâ€¦",2025-12-09 11:06:53+00:00,0,2390,Netral,Tanah Longsor
RT @tempodotco: Presiden Prabowo tak kunjung menetapkan banjir dan tanah longsor di Sumatera sebagai bencana nasional. Pemerintah mengabaikâ€¦,2025-12-09 11:06:48+00:00,0,1589,Netral,Tanah Longsor
"RT @NarasiNewsroom: Kementerian Pendidikan Tinggi, Sains, dan Teknologi (Kemendiktisaintek) mencatat per 6 Desember pukul 21.00 WIB, ada 60â€¦",2025-12-09 11:06:45+00:00,0,101,Netral,Tanah Longsor
"RT @aniesbaswedan: Telah nyata kerusakan di darat dan di laut karena ulah tangan manusia. (QS 30:41) 

Catatan reflektif tentang bencanaâ€¦â€¦",2025-12-09 11:06:42+00:00,0,20631,Netral,Tanah Longsor
sampe detik ini masih gakuat liat gajah yang dipaksa bantuâ€ evakuasi. orgâ€ pada kenapa?? kita harus lapor kesiapa ya biar mrk berhenti bodoh? gangerti lg,2025-12-09 11:06:25+00:00,0,0,Netral,Tanah Longsor
"RT @gimbot75: Disaat Saudara"" kita di pulau sumatera Berjuang melawan banjir &amp; longsor efek penggundulan hutan yg ugal""an, disudut sana sauâ€¦",2025-12-09 11:06:25+00:00,0,2390,Netral,Tanah Longsor
"Satu persatu lokasi longsor dibenahi dan Semoga segera di pulihkan kembali 

#longsor
#pembenahan
#prayfortapanuli 
#PrayForSumatera https://t.co/GrMa3PXvm5",2025-12-09 11:06:25+00:00,0,0,Netral,Tanah Longsor
"RT @gimbot75: Disaat Saudara"" kita di pulau sumatera Berjuang melawan banjir &amp; longsor efek penggundulan hutan yg ugal""an, disudut sana sauâ€¦",2025-12-09 11:05:55+00:00,0,2390,Netral,Tanah Longsor
RT @zakiberkata: Pohon hutan jauh lebih baik dibanding Sawit dalam menahan longsor dan banjir https://t.co/a4P6tbh2Bt,2025-12-09 11:05:55+00:00,0,3227,Netral,Tanah Longsor
"RT @gimbot75: Disaat Saudara"" kita di pulau sumatera Berjuang melawan banjir &amp; longsor efek penggundulan hutan yg ugal""an, disudut sana sauâ€¦",2025-12-09 11:05:29+00:00,0,2390,Netral,Tanah Longsor
"RT @tempodotco: Biang Kerok Banjir Sumatera

Lebih dari 800 orang meninggal akibat banjir dan longsor di Sumatera. Pemerintah pusat tak kunâ€¦",2025-12-09 11:05:09+00:00,0,2246,Netral,Tanah Longsor
"RT @Aceh: Balok-balok kayu seperti misil ğŸš€ hantam sebuah rumah di Bener Meriah Aceh

Banjir Aceh 2025 ğŸŒ€ cyclone senyar adalah bencana banjiâ€¦",2025-12-09 11:05:07+00:00,0,43,Netral,Tanah Longsor
RT @tempodotco: Presiden Prabowo tak kunjung menetapkan banjir dan tanah longsor di Sumatera sebagai bencana nasional. Pemerintah mengabaikâ€¦,2025-12-09 11:05:04+00:00,0,1589,Netral,Tanah Longsor
RT @tempodotco: Presiden Prabowo tak kunjung menetapkan banjir dan tanah longsor di Sumatera sebagai bencana nasional. Pemerintah mengabaikâ€¦,2025-12-09 11:05:01+00:00,0,1589,Netral,Tanah Longsor
"RT @gimbot75: Disaat Saudara"" kita di pulau sumatera Berjuang melawan banjir &amp; longsor efek penggundulan hutan yg ugal""an, disudut sana sauâ€¦",2025-12-09 11:05:00+00:00,0,2390,Netral,Tanah Longsor
RT @tempodotco: Presiden Prabowo tak kunjung menetapkan banjir dan tanah longsor di Sumatera sebagai bencana nasional. Pemerintah mengabaikâ€¦,2025-12-09 11:04:33+00:00,0,1589,Netral,Tanah Longsor
"Electrizen

Dengan perjuangan maksimal, menembus jalur yang sulit, PLN berhasil memulihkan 100% sistem kelistrikan Sumatra Utara pada Minggu (07/12) yang sebelumnya terdampak banjir dan longsor. 

#PLNUntukSemua #PLNUntukIndonesia #PrayforSumut #SumatraKembaliTerang https://t.co/uAfpAJ5pS8",2025-12-09 11:04:25+00:00,0,0,Netral,Tanah Longsor
"RT @NarasiNewsroom: Sebanyak 40 jenazah korban bencana banjir dan longsor di Aceh, Sumatera Utara, dan Sumatera Barat ditemukan pada Seninâ€¦",2025-12-09 11:04:18+00:00,0,330,Netral,Tanah Longsor
"@ngebrojorka @spectatorindex Kebakaran di gedung kantor 7 lantai Terra Drone Indonesia, Jakarta Pusat, dimulai dari ledakan baterai di lantai 1 siang ini (9 Des 2025). Korban tewas 20 orang (5 pria, 15 wanita, termasuk 1 hamil), sebagian besar karena sesak napas. Api sudah padam, evakuasi masih berlangsung.",2025-12-09 11:04:04+00:00,0,0,Netral,Tanah Longsor
RT @tempodotco: Presiden Prabowo tak kunjung menetapkan banjir dan tanah longsor di Sumatera sebagai bencana nasional. Pemerintah mengabaikâ€¦,2025-12-09 11:04:00+00:00,0,1589,Netral,Tanah Longsor
RT @tempodotco: Presiden Prabowo tak kunjung menetapkan banjir dan tanah longsor di Sumatera sebagai bencana nasional. Pemerintah mengabaikâ€¦,2025-12-09 11:03:56+00:00,0,1589,Netral,Tanah Longsor
"RT @gimbot75: Disaat Saudara"" kita di pulau sumatera Berjuang melawan banjir &amp; longsor efek penggundulan hutan yg ugal""an, disudut sana sauâ€¦",2025-12-09 11:03:55+00:00,0,2390,Netral,Tanah Longsor
RT @tempodotco: Presiden Prabowo tak kunjung menetapkan banjir dan tanah longsor di Sumatera sebagai bencana nasional. Pemerintah mengabaikâ€¦,2025-12-09 11:03:52+00:00,0,1589,Netral,Tanah Longsor
"RT @kompascom: ""Saat ini baru 60 persen listrik menyala di 18 kabupaten/kota yang terdampak banjir dan longsor di Aceh. Saya minta seluruhâ€¦",2025-12-09 11:03:45+00:00,0,247,Netral,Tanah Longsor
"RT @kompascom: ""Saat ini baru 60 persen listrik menyala di 18 kabupaten/kota yang terdampak banjir dan longsor di Aceh. Saya minta seluruhâ€¦",2025-12-09 11:03:43+00:00,0,247,Netral,Tanah Longsor
"RT @mercindonesia: Bantuan Hygiene Kit MER-C Tiba di Sumbar, Langsung Dibagikan ke Penyintas Banjir dan Longsor

Padang â€“ Bantuan hygiene kâ€¦",2025-12-09 11:03:21+00:00,0,9,Netral,Tanah Longsor
"RT @gimbot75: Disaat Saudara"" kita di pulau sumatera Berjuang melawan banjir &amp; longsor efek penggundulan hutan yg ugal""an, disudut sana sauâ€¦",2025-12-09 11:03:19+00:00,0,2390,Netral,Tanah Longsor
"RT @gimbot75: Disaat Saudara"" kita di pulau sumatera Berjuang melawan banjir &amp; longsor efek penggundulan hutan yg ugal""an, disudut sana sauâ€¦",2025-12-09 11:03:19+00:00,0,2390,Netral,Tanah Longsor
"RT @gimbot75: Disaat Saudara"" kita di pulau sumatera Berjuang melawan banjir &amp; longsor efek penggundulan hutan yg ugal""an, disudut sana sauâ€¦",2025-12-09 11:03:06+00:00,0,2390,Netral,Tanah Longsor
"RT @kompascom: ""Saat ini baru 60 persen listrik menyala di 18 kabupaten/kota yang terdampak banjir dan longsor di Aceh. Saya minta seluruhâ€¦",2025-12-09 11:03:05+00:00,0,247,Netral,Tanah Longsor
RT @tempodotco: Presiden Prabowo tak kunjung menetapkan banjir dan tanah longsor di Sumatera sebagai bencana nasional. Pemerintah mengabaikâ€¦,2025-12-09 11:03:03+00:00,0,1589,Netral,Tanah Longsor
RT @zakiberkata: Pohon hutan jauh lebih baik dibanding Sawit dalam menahan longsor dan banjir https://t.co/a4P6tbh2Bt,2025-12-09 11:02:55+00:00,0,3227,Netral,Tanah Longsor
RT @tempodotco: Presiden Prabowo tak kunjung menetapkan banjir dan tanah longsor di Sumatera sebagai bencana nasional. Pemerintah mengabaikâ€¦,2025-12-09 11:02:45+00:00,0,1589,Netral,Tanah Longsor
"RT @Aceh: Balok-balok kayu seperti misil ğŸš€ hantam sebuah rumah di Bener Meriah Aceh

Banjir Aceh 2025 ğŸŒ€ cyclone senyar adalah bencana banjiâ€¦",2025-12-09 11:02:42+00:00,0,43,Netral,Tanah Longsor
"RT @gimbot75: Disaat Saudara"" kita di pulau sumatera Berjuang melawan banjir &amp; longsor efek penggundulan hutan yg ugal""an, disudut sana sauâ€¦",2025-12-09 11:02:36+00:00,0,2390,Netral,Tanah Longsor
"RT @infomitigasi: Berikut ini kami sampaikan wilayah-wilayah yang terdapat Notifikasi berpotensi terjadi Banjir dan maupun potensi Longsor,â€¦",2025-12-09 11:02:35+00:00,0,119,Netral,Tanah Longsor
RT @tempodotco: Presiden Prabowo tak kunjung menetapkan banjir dan tanah longsor di Sumatera sebagai bencana nasional. Pemerintah mengabaikâ€¦,2025-12-09 11:02:30+00:00,0,1589,Netral,Tanah Longsor
"Innalillahi kebakaran di kantor Terra drone Cempaka Putih siang tadi

https://t.co/yFLtyO58fS https://t.co/9bDMkK9Zga",2025-12-09 11:02:28+00:00,0,0,Netral,Tanah Longsor
RT @tempodotco: Presiden Prabowo tak kunjung menetapkan banjir dan tanah longsor di Sumatera sebagai bencana nasional. Pemerintah mengabaikâ€¦,2025-12-09 11:02:26+00:00,0,1589,Netral,Tanah Longsor
"RT @DS_yantie: Kemenhut semakin ketar ketir aja nih
Mendengar Kejagung akan menindak tegas perusahaan atau siapapun yang terlibat merusak Hâ€¦",2025-12-09 11:02:21+00:00,0,31,Netral,Tanah Longsor
